frame_number,timestamp,track_id,class_name,confidence,bbox_x1,bbox_y1,bbox_x2,bbox_y2,center_x,center_y,base_x,base_y,latitude,longitude,map_px,map_py
1,0.0,1,car,0.9503,440,308,613,418,526,363,526,418,44.655512,10.934434,1694,1169
1,0.0,2,car,0.9012,535,239,635,305,585,272,585,305,44.655433,10.93457,2064,1383
1,0.0,3,car,0.8875,473,230,537,283,505,256,505,283,44.655418,10.934645,2267,1424
1,0.0,4,car,0.3016,552,205,630,242,591,223,591,242,44.655335,10.934758,2576,1650
2,1.37,1,car,0.943,434,310,609,421,521,365,521,421,44.655513,10.934432,1689,1165
2,1.37,2,car,0.9112,535,238,638,307,586,272,586,307,44.655435,10.934566,2052,1378
2,1.37,3,car,0.891,475,230,539,283,507,256,507,283,44.655417,10.934644,2265,1425
3,1.85,1,car,0.9421,430,311,608,424,519,367,519,424,44.655515,10.93443,1683,1161
3,1.85,2,car,0.9094,538,238,641,307,589,272,589,307,44.655434,10.934565,2050,1379
3,1.85,3,car,0.8933,475,230,540,284,507,257,507,284,44.655419,10.934641,2258,1421
3,1.85,4,car,0.4495,547,207,626,245,586,226,586,245,44.655342,10.934747,2546,1629
4,2.319,1,car,0.9416,421,312,602,427,511,369,511,427,44.655516,10.934429,1680,1156
4,2.319,2,car,0.8979,539,239,643,308,591,273,591,308,44.655435,10.934562,2043,1377
4,2.319,3,car,0.8961,477,230,541,284,509,257,509,284,44.655419,10.934641,2256,1422
4,2.319,4,car,0.6553,545,209,623,246,584,227,584,246,44.655345,10.934744,2536,1622
5,2.792,1,car,0.9349,415,316,595,430,505,373,505,430,44.655518,10.934427,1677,1152
5,2.792,2,car,0.8898,542,240,645,309,593,274,593,309,44.655436,10.93456,2036,1375
5,2.792,3,car,0.8971,478,230,542,284,510,257,510,284,44.655419,10.934641,2256,1422
5,2.792,4,car,0.7589,543,211,618,247,580,229,580,247,44.655347,10.934741,2529,1615
6,3.251,1,car,0.9413,408,316,592,433,500,374,500,433,44.655519,10.934426,1673,1148
6,3.251,2,car,0.8924,543,241,646,309,594,275,594,309,44.655436,10.93456,2036,1375
6,3.251,3,car,0.8975,478,230,544,284,511,257,511,284,44.655418,10.93464,2255,1423
6,3.251,4,car,0.7848,538,212,613,248,575,230,575,248,44.655351,10.934739,2523,1606
7,3.716,1,car,0.9439,401,318,586,435,493,376,493,435,44.655521,10.934426,1672,1145
7,3.716,2,car,0.8911,543,241,648,310,595,275,595,310,44.655437,10.934557,2030,1372
7,3.716,3,car,0.8976,478,230,544,284,511,257,511,284,44.655418,10.93464,2255,1423
7,3.716,4,car,0.7822,533,213,612,250,572,231,572,250,44.655355,10.934732,2503,1594
8,4.19,1,car,0.9418,394,319,580,437,487,378,487,437,44.655522,10.934425,1670,1142
8,4.19,2,car,0.8929,544,241,650,311,597,276,597,311,44.655438,10.934555,2023,1370
8,4.19,3,car,0.8965,479,231,544,285,511,258,511,285,44.65542,10.934638,2248,1419
8,4.19,4,car,0.8095,531,213,611,251,571,232,571,251,44.655357,10.934728,2494,1588
9,4.659,1,car,0.9461,386,321,574,440,480,380,480,440,44.655523,10.934424,1667,1138
9,4.659,2,car,0.9,546,242,653,311,599,276,599,311,44.655437,10.934554,2021,1371
9,4.659,3,car,0.8991,480,232,543,285,511,258,511,285,44.65542,10.934638,2248,1419
9,4.659,4,car,0.8051,528,213,612,254,570,233,570,254,44.655363,10.934717,2463,1572
10,5.12,1,car,0.9456,377,322,569,444,473,383,473,444,44.655525,10.934422,1662,1133
10,5.12,2,car,0.903,547,242,657,312,602,277,602,312,44.655438,10.934552,2014,1369
10,5.12,3,car,0.8949,481,232,544,285,512,258,512,285,44.655419,10.934637,2247,1420
10,5.12,4,car,0.7935,527,213,612,254,569,233,569,254,44.655364,10.934717,2464,1571
11,5.586,1,car,0.9403,368,324,564,449,466,386,466,449,44.655527,10.934419,1655,1128
11,5.586,2,car,0.9027,549,243,658,313,603,278,603,313,44.655439,10.934549,2008,1367
11,5.586,3,car,0.8964,481,233,544,285,512,259,512,285,44.655419,10.934637,2247,1420
11,5.586,4,car,0.8168,527,213,609,253,568,233,568,253,44.655362,10.934721,2475,1576
12,6.041,1,car,0.9347,360,327,558,453,459,390,459,453,44.655529,10.934417,1650,1123
12,6.041,2,car,0.9017,552,245,660,314,606,279,606,314,44.65544,10.934547,2001,1365
12,6.041,3,car,0.8923,481,232,545,284,513,258,513,284,44.655418,10.93464,2253,1424
12,6.041,4,car,0.8051,526,213,608,253,567,233,567,253,44.655362,10.934722,2476,1576
13,6.502,1,car,0.9353,354,329,552,456,453,392,453,456,44.65553,10.934416,1647,1120
13,6.502,2,car,0.9036,554,245,664,314,609,279,609,314,44.655439,10.934546,1999,1366
13,6.502,3,car,0.8898,483,232,546,284,514,258,514,284,44.655418,10.934639,2252,1424
13,6.502,4,car,0.8076,526,213,606,253,566,233,566,253,44.655362,10.934722,2477,1575
14,7.013,1,car,0.9471,347,332,545,459,446,395,446,459,44.655531,10.934416,1645,1116
14,7.013,2,car,0.9078,555,245,667,314,611,279,611,314,44.655439,10.934545,1997,1367
14,7.013,3,car,0.888,483,232,547,284,515,258,515,284,44.655418,10.934639,2252,1424
14,7.013,4,car,0.8086,524,213,607,255,565,234,565,255,44.655366,10.934715,2457,1565
15,7.469,1,car,0.9347,341,335,539,462,440,398,440,462,44.655532,10.934414,1641,1113
15,7.469,2,car,0.9059,556,245,669,315,612,280,612,315,44.65544,10.934543,1992,1364
15,7.469,3,car,0.8873,484,233,547,283,515,258,515,283,44.655416,10.934642,2259,1428
15,7.469,4,car,0.8194,523,213,606,257,564,235,564,257,44.65537,10.934708,2438,1554
16,7.91,1,car,0.9342,333,338,534,466,433,402,433,466,44.655534,10.934413,1637,1108
16,7.91,2,car,0.9072,557,245,672,316,614,280,614,316,44.655441,10.934541,1985,1362
16,7.91,3,car,0.8894,485,234,547,283,516,258,516,283,44.655416,10.934641,2258,1428
16,7.91,4,car,0.8185,524,214,604,257,564,235,564,257,44.65537,10.934708,2438,1554
17,8.327,1,car,0.9385,324,340,528,470,426,405,426,470,44.655536,10.934411,1633,1104
17,8.327,2,car,0.9084,559,246,674,317,616,281,616,317,44.655441,10.934539,1979,1360
17,8.327,3,car,0.8962,487,234,549,283,518,258,518,283,44.655416,10.934641,2257,1429
17,8.327,4,car,0.828,524,215,601,256,562,235,562,256,44.655368,10.934712,2450,1558
18,8.747,1,car,0.9332,317,342,524,474,420,408,420,474,44.655537,10.934409,1628,1100
18,8.747,2,car,0.9083,560,247,677,319,618,283,618,319,44.655443,10.934535,1968,1356
18,8.747,3,car,0.9019,488,235,551,283,519,259,519,283,44.655416,10.934641,2256,1429
18,8.747,4,car,0.8283,525,215,599,256,562,235,562,256,44.655368,10.934712,2450,1558
19,9.164,1,car,0.9368,309,344,520,478,414,411,414,478,44.655539,10.934408,1623,1096
19,9.164,2,car,0.9033,561,248,678,320,619,284,619,320,44.655444,10.934532,1962,1354
19,9.164,3,car,0.8985,490,236,553,283,521,259,521,283,44.655416,10.93464,2254,1430
19,9.164,4,car,0.8351,526,216,597,256,561,236,561,256,44.655368,10.934712,2451,1558
20,9.579,1,car,0.9307,301,345,516,482,408,413,408,482,44.65554,10.934406,1619,1093
20,9.579,2,car,0.8991,562,248,681,321,621,284,621,321,44.655444,10.93453,1956,1352
20,9.579,3,car,0.9007,491,236,554,283,522,259,522,283,44.655416,10.93464,2253,1430
20,9.579,4,car,0.8339,527,216,594,254,560,235,560,254,44.655365,10.93472,2472,1567
21,9.998,1,car,0.9267,295,347,514,486,404,416,404,486,44.655541,10.934404,1614,1089
21,9.998,2,car,0.8974,563,248,682,323,622,285,622,323,44.655446,10.934526,1946,1347
21,9.998,3,car,0.8986,492,236,556,283,524,259,524,283,44.655415,10.934639,2252,1431
21,9.998,4,car,0.8318,525,216,592,254,558,235,558,254,44.655366,10.934721,2474,1566
22,10.418,1,car,0.927,284,351,505,490,394,420,394,490,44.655543,10.934403,1611,1085
22,10.418,2,car,0.8947,565,249,684,324,624,286,624,324,44.655447,10.934525,1941,1345
22,10.418,3,car,0.9011,494,237,560,284,527,260,527,284,44.655416,10.934635,2242,1429
22,10.418,4,car,0.8345,522,215,589,253,555,234,555,253,44.655364,10.934726,2487,1570
23,10.835,1,car,0.93,274,353,500,496,387,424,387,496,44.655544,10.934401,1604,1080
23,10.835,2,car,0.8983,568,251,685,325,626,288,626,325,44.655448,10.934522,1935,1343
23,10.835,3,car,0.8949,495,237,564,286,529,261,529,286,44.655418,10.93463,2226,1423
23,10.835,4,car,0.8399,519,214,587,254,553,234,553,254,44.655366,10.934723,2479,1564
24,11.249,1,car,0.9324,263,355,492,499,377,427,377,499,44.655546,10.9344,1603,1077
24,11.249,2,car,0.8969,569,251,686,326,627,288,627,326,44.655448,10.93452,1929,1341
24,11.249,3,car,0.8927,496,239,567,287,531,263,531,287,44.655419,10.934627,2218,1420
24,11.249,4,car,0.8056,519,214,585,252,552,233,552,252,44.655363,10.934731,2501,1574
25,11.668,1,car,0.9355,250,358,481,504,365,431,365,504,44.655547,10.934399,1600,1072
25,11.668,2,car,0.9,569,251,688,327,628,289,628,327,44.655449,10.934518,1924,1339
25,11.668,3,car,0.8758,497,240,570,289,533,264,533,289,44.655421,10.934621,2202,1414
25,11.668,4,car,0.7622,522,214,586,251,554,232,554,251,44.65536,10.934734,2510,1580
26,12.084,1,car,0.9336,242,361,473,507,357,434,357,507,44.655549,10.934398,1598,1069
26,12.084,2,car,0.9016,571,252,688,329,629,290,629,329,44.655451,10.934515,1915,1335
26,12.084,3,car,0.8722,498,240,573,290,535,265,535,290,44.655422,10.934618,2194,1412
26,12.084,4,car,0.637,526,214,589,252,557,233,557,252,44.655362,10.934729,2496,1576
26,12.084,9,car,0.3513,1273,161,1316,189,1294,175,1294,189,44.654806,10.934708,2438,3087
27,12.508,1,car,0.9331,229,364,463,513,346,438,346,513,44.65555,10.934397,1593,1064
27,12.508,2,car,0.9083,572,253,688,330,630,291,630,330,44.655451,10.934513,1910,1333
27,12.508,3,car,0.8779,498,240,575,290,536,265,536,290,44.655422,10.934617,2193,1412
27,12.508,4,car,0.7134,522,214,584,251,553,232,553,251,44.65536,10.934735,2511,1580
28,12.922,1,car,0.9293,216,367,456,519,336,443,336,519,44.655552,10.934395,1588,1059
28,12.922,2,car,0.9142,573,255,688,331,630,293,630,331,44.655452,10.934512,1906,1331
28,12.922,3,car,0.878,497,240,578,292,537,266,537,292,44.655424,10.934612,2179,1406
28,12.922,4,car,0.5006,518,214,581,252,549,233,549,252,44.655363,10.934732,2504,1572
29,13.343,1,car,0.929,211,368,454,523,332,445,332,523,44.655553,10.934393,1584,1057
29,13.343,2,car,0.9159,574,256,687,332,630,294,630,332,44.655453,10.93451,1902,1328
29,13.343,3,car,0.8774,498,240,579,292,538,266,538,292,44.655424,10.934612,2178,1406
29,13.343,4,car,0.3839,516,214,578,252,547,233,547,252,44.655363,10.934733,2506,1572
30,13.766,1,car,0.9244,208,371,449,525,328,448,328,525,44.655554,10.934392,1582,1055
30,13.766,2,car,0.9223,574,257,688,333,631,295,631,333,44.655454,10.934508,1897,1326
30,13.766,3,car,0.8703,497,239,582,294,539,266,539,294,44.655427,10.934607,2165,1400
30,13.766,4,car,0.6196,515,214,574,249,544,231,544,249,44.655358,10.934746,2541,1586
31,14.19,1,car,0.9211,197,372,445,530,321,451,321,530,44.655555,10.934391,1578,1051
31,14.19,2,car,0.9235,575,258,688,334,631,296,631,334,44.655455,10.934507,1893,1324
31,14.19,3,car,0.8676,498,238,584,294,541,266,541,294,44.655426,10.934606,2163,1401
31,14.19,4,car,0.6262,515,215,571,248,543,231,543,248,44.655356,10.93475,2553,1591
32,14.607,1,car,0.9278,184,374,437,536,310,455,310,536,44.655557,10.934389,1573,1047
32,14.607,2,car,0.9258,575,259,688,336,631,297,631,336,44.655456,10.934504,1884,1320
32,14.607,3,car,0.8722,500,238,587,295,543,266,543,295,44.655427,10.934603,2155,1399
32,14.607,4,car,0.6423,514,215,569,246,541,230,541,246,44.655353,10.934759,2578,1601
32,14.607,12,car,0.7949,586,206,625,239,605,222,605,239,44.655325,10.934767,2599,1676
32,14.607,9,bicycle,0.4412,1268,160,1310,189,1289,174,1289,189,44.654808,10.934711,2448,3079
33,15.027,1,car,0.9162,174,378,432,543,303,460,303,543,44.655558,10.934387,1566,1043
33,15.027,2,car,0.9239,577,260,688,336,632,298,632,336,44.655456,10.934504,1884,1320
33,15.027,3,car,0.8751,501,238,589,295,545,266,545,295,44.655427,10.934603,2154,1399
33,15.027,4,car,0.357,515,218,569,247,542,232,542,247,44.655354,10.934755,2566,1596
33,15.027,12,car,0.8151,582,207,620,240,601,223,601,240,44.655328,10.934764,2591,1668
34,15.441,1,car,0.9306,157,381,415,548,286,464,286,548,44.65556,10.934387,1566,1038
34,15.441,2,car,0.9218,578,261,689,337,633,299,633,337,44.655457,10.934502,1879,1318
34,15.441,3,car,0.8582,504,239,592,295,548,267,548,295,44.655427,10.934602,2151,1400
34,15.441,4,car,0.5014,512,218,565,246,538,232,538,246,44.655353,10.93476,2581,1600
34,15.441,12,car,0.8531,579,208,617,239,598,223,598,239,44.655326,10.93477,2606,1673
34,15.441,9,bicycle,0.5402,1268,161,1309,190,1288,175,1288,190,44.654822,10.934704,2428,3043
35,15.861,1,car,0.9288,143,387,397,553,270,470,270,553,44.655561,10.934386,1565,1034
35,15.861,2,car,0.9213,579,261,689,338,634,299,634,338,44.655458,10.9345,1874,1316
35,15.861,3,car,0.8404,506,241,591,296,548,268,548,296,44.655428,10.9346,2145,1397
35,15.861,12,car,0.7963,578,208,614,238,596,223,596,238,44.655324,10.934775,2621,1678
35,15.861,13,bicycle,0.6883,2,387,30,490,16,438,16,490,44.655563,10.934458,1760,1031
35,15.861,9,car,0.2664,1271,163,1309,190,1290,176,1290,190,44.654821,10.934702,2423,3046
36,16.286,1,car,0.9199,129,390,385,559,257,474,257,559,44.655563,10.934385,1561,1029
36,16.286,2,car,0.9216,580,262,689,339,634,300,634,339,44.655458,10.934499,1871,1314
36,16.286,3,car,0.8372,508,243,591,297,549,270,549,297,44.655428,10.934597,2138,1395
36,16.286,12,car,0.8313,572,207,611,239,591,223,591,239,44.655328,10.934772,2614,1669
36,16.286,13,bicycle,0.7519,5,384,33,487,19,435,19,487,44.655562,10.93446,1765,1033
36,16.286,9,bicycle,0.4737,1269,163,1306,191,1287,177,1287,191,44.654835,10.934697,2408,3008
36,16.286,4,car,0.5628,505,221,565,253,535,237,535,253,44.655367,10.934733,2506,1561
37,16.707,1,car,0.922,114,392,375,565,244,478,244,565,44.655565,10.934384,1558,1025
37,16.707,2,car,0.925,580,262,690,340,635,301,635,340,44.655459,10.934497,1866,1312
37,16.707,3,car,0.8398,510,243,593,297,551,270,551,297,44.655428,10.934596,2136,1395
37,16.707,12,car,0.8453,569,207,610,239,589,223,589,239,44.655328,10.934773,2616,1668
37,16.707,13,bicycle,0.8169,9,382,37,483,23,432,23,483,44.655561,10.934462,1772,1036
37,16.707,4,car,0.8132,503,221,562,252,532,236,532,252,44.655366,10.934738,2520,1565
38,17.142,1,car,0.9124,102,396,365,572,233,484,233,572,44.655566,10.934382,1553,1021
38,17.142,2,car,0.921,580,262,690,342,635,302,635,342,44.655461,10.934494,1858,1308
38,17.142,3,car,0.8379,510,243,594,297,552,270,552,297,44.655428,10.934596,2136,1396
38,17.142,12,car,0.8532,567,205,610,239,588,222,588,239,44.655328,10.934774,2617,1667
38,17.142,13,bicycle,0.7948,10,376,41,484,25,430,25,484,44.655561,10.934461,1769,1035
38,17.142,4,car,0.8123,499,221,565,257,532,239,532,257,44.655375,10.934719,2468,1540
39,17.6,1,car,0.9216,92,400,357,579,224,489,224,579,44.655568,10.93438,1547,1017
39,17.6,2,car,0.9143,579,263,691,345,635,304,635,345,44.655463,10.93449,1847,1302
39,17.6,3,car,0.8288,512,243,597,298,554,270,554,298,44.655429,10.934594,2128,1393
39,17.6,12,car,0.8722,562,204,609,239,585,221,585,239,44.655329,10.934775,2620,1666
39,17.6,13,bicycle,0.8225,11,368,46,486,28,427,28,486,44.655561,10.934459,1764,1035
39,17.6,4,car,0.8492,496,222,566,260,531,241,531,260,44.655381,10.934708,2439,1525
40,18.129,1,car,0.9354,79,405,347,586,213,495,213,586,44.655569,10.934378,1543,1013
40,18.129,2,car,0.9064,580,264,690,346,635,305,635,346,44.655463,10.934489,1843,1300
40,18.129,3,car,0.8007,516,244,599,297,557,270,557,297,44.655428,10.934595,2132,1397
40,18.129,12,car,0.8641,558,204,606,239,582,221,582,239,44.655329,10.934776,2623,1664
40,18.129,13,bicycle,0.8282,13,366,50,486,31,426,31,486,44.655561,10.934459,1762,1035
40,18.129,4,car,0.8452,493,222,565,263,529,242,529,263,44.655386,10.934698,2412,1511
41,18.579,1,car,0.8923,68,406,342,593,205,499,205,593,44.65557,10.934376,1537,1010
41,18.579,2,car,0.9026,579,264,689,347,634,305,634,347,44.655464,10.934487,1840,1298
41,18.579,3,car,0.8007,516,244,600,297,558,270,558,297,44.655427,10.934595,2131,1398
41,18.579,12,car,0.8627,557,205,605,240,581,222,581,240,44.655332,10.934771,2611,1657
41,18.579,13,bicycle,0.7712,15,370,54,487,34,428,34,487,44.655561,10.934458,1759,1035
41,18.579,4,car,0.8755,490,222,567,268,528,245,528,268,44.655394,10.934682,2368,1489
42,18.996,1,car,0.8546,55,410,329,599,192,504,192,599,44.655572,10.934375,1534,1006
42,18.996,2,car,0.8771,578,264,688,349,633,306,633,349,44.655466,10.934485,1834,1293
42,18.996,3,car,0.8233,519,243,605,298,562,270,562,298,44.655428,10.934591,2122,1396
42,18.996,12,car,0.8455,552,207,600,241,576,224,576,241,44.655335,10.934769,2604,1648
42,18.996,13,bicycle,0.7659,18,374,57,485,37,429,37,485,44.65556,10.934459,1762,1037
42,18.996,4,car,0.8784,490,222,566,269,528,245,528,269,44.655395,10.934679,2360,1485
43,19.422,1,car,0.9053,42,413,320,605,181,509,181,605,44.655573,10.934374,1531,1003
43,19.422,2,car,0.877,578,266,686,349,632,307,632,349,44.655466,10.934485,1834,1293
43,19.422,3,car,0.8648,518,243,606,299,562,271,562,299,44.655429,10.934589,2116,1393
43,19.422,12,car,0.8413,549,208,596,241,572,224,572,241,44.655336,10.93477,2608,1646
43,19.422,13,bicycle,0.8177,23,376,63,483,43,429,43,483,44.65556,10.934459,1764,1039
43,19.422,4,car,0.8864,491,222,565,270,528,246,528,270,44.655397,10.934676,2351,1481
44,19.893,1,car,0.8745,28,420,305,611,166,515,166,611,44.655574,10.934373,1529,999
44,19.893,2,car,0.8597,579,270,682,350,630,310,630,350,44.655467,10.934485,1832,1291
44,19.893,3,car,0.8657,520,243,608,300,564,271,564,300,44.65543,10.934586,2108,1391
44,19.893,12,car,0.8068,544,208,592,240,568,224,568,240,44.655335,10.934776,2624,1650
44,19.893,13,bicycle,0.8485,28,377,69,480,48,428,48,480,44.655559,10.934461,1768,1041
44,19.893,4,car,0.8796,492,222,565,270,528,246,528,270,44.655397,10.934676,2351,1481
45,20.377,1,car,0.8784,10,425,289,619,149,522,149,619,44.655576,10.934372,1526,995
45,20.377,2,car,0.8822,576,268,681,350,628,309,628,350,44.655467,10.934485,1833,1290
45,20.377,3,car,0.8301,523,243,612,301,567,272,567,301,44.655431,10.934583,2100,1389
45,20.377,12,car,0.7666,537,209,587,242,562,225,562,242,44.65534,10.93477,2606,1635
45,20.377,13,bicycle,0.8385,34,368,79,475,56,421,56,475,44.655557,10.934464,1775,1045
45,20.377,4,car,0.8462,495,221,568,269,531,245,531,269,44.655395,10.934678,2357,1486
46,20.815,2,car,0.8472,575,272,677,351,626,311,626,351,44.655468,10.934484,1831,1288
46,20.815,3,car,0.8086,524,243,615,301,569,272,569,301,44.655431,10.934583,2099,1389
46,20.815,12,car,0.7076,529,210,579,243,554,226,554,243,44.655344,10.934768,2601,1625
46,20.815,13,bicycle,0.7693,40,371,85,470,62,420,62,470,44.655556,10.934467,1784,1049
46,20.815,4,car,0.7153,496,221,570,270,533,245,533,270,44.655396,10.934674,2347,1483
46,20.815,20,car,0.5461,502,209,586,247,544,228,544,247,44.655354,10.934754,2564,1597
47,21.24,2,car,0.8441,576,279,672,353,624,316,624,353,44.65547,10.934482,1825,1283
47,21.24,3,car,0.8007,526,243,618,302,572,272,572,302,44.655431,10.93458,2091,1388
47,21.24,12,car,0.582,530,210,576,240,553,225,553,240,44.655337,10.934782,2640,1643
47,21.24,13,bicycle,0.7737,42,362,91,467,66,414,66,467,44.655555,10.934469,1789,1051
47,21.24,4,car,0.7666,495,221,567,269,531,245,531,269,44.655395,10.934678,2357,1486
47,21.24,1,car,0.4292,0,435,277,641,138,538,138,641,44.655579,10.934364,1506,987
48,21.661,2,car,0.8942,571,277,673,355,622,316,622,355,44.655471,10.93448,1819,1279
48,21.661,3,car,0.7789,528,243,620,302,574,272,574,302,44.655431,10.934579,2089,1388
48,21.661,13,bicycle,0.7464,45,355,98,465,71,410,71,465,44.655554,10.934469,1791,1053
48,21.661,4,car,0.7891,495,223,565,270,530,246,530,270,44.655396,10.934675,2349,1482
48,21.661,22,car,0.7585,482,219,517,249,499,234,499,249,44.655366,10.934761,2584,1565
49,22.081,2,car,0.878,569,279,672,358,620,318,620,358,44.655473,10.934476,1810,1273
49,22.081,3,car,0.7832,531,244,622,303,576,273,576,303,44.655432,10.934577,2082,1386
49,22.081,13,bicycle,0.5449,52,353,107,464,79,408,79,464,44.655554,10.934469,1790,1055
49,22.081,4,car,0.789,499,227,563,270,531,248,531,270,44.655396,10.934675,2348,1482
49,22.081,22,car,0.807,482,220,518,249,500,234,500,249,44.655366,10.934761,2583,1565
50,22.498,2,car,0.8916,567,281,672,361,619,321,619,361,44.655475,10.934473,1801,1268
50,22.498,3,car,0.7612,533,245,624,304,578,274,578,304,44.655433,10.934574,2075,1384
50,22.498,13,bicycle,0.6663,59,360,112,463,85,411,85,463,44.655553,10.934469,1790,1056
50,22.498,4,car,0.7908,500,229,563,271,531,250,531,271,44.655398,10.934672,2340,1478
50,22.498,22,car,0.8242,476,222,510,250,493,236,493,250,44.655369,10.934759,2578,1557
50,22.498,1,car,0.5285,0,452,258,662,129,557,129,662,44.655581,10.934358,1489,980
51,22.919,2,car,0.9203,563,279,672,362,617,320,617,362,44.655476,10.934472,1799,1266
51,22.919,3,car,0.7985,536,246,625,304,580,275,580,304,44.655433,10.934573,2073,1384
51,22.919,13,bicycle,0.608,65,357,119,458,92,407,92,458,44.655551,10.934472,1798,1061
51,22.919,4,car,0.8042,499,228,563,272,531,250,531,272,44.655399,10.934669,2332,1474
51,22.919,22,car,0.7882,472,221,508,250,490,235,490,250,44.65537,10.93476,2581,1555
52,23.337,2,car,0.9263,559,278,672,363,615,320,615,363,44.655477,10.934472,1797,1263
52,23.337,3,car,0.7503,537,246,626,304,581,275,581,304,44.655432,10.934573,2073,1385
52,23.337,4,car,0.8173,499,227,564,272,531,249,531,272,44.655399,10.934669,2332,1474
52,23.337,22,car,0.7901,466,218,506,250,486,234,486,250,44.65537,10.934762,2585,1553
52,23.337,1,car,0.7554,0,461,241,674,120,567,120,674,44.655583,10.934355,1481,976
53,23.757,2,car,0.9181,555,278,670,365,612,321,612,365,44.655479,10.93447,1792,1259
53,23.757,3,car,0.7652,538,246,626,304,582,275,582,304,44.655432,10.934573,2072,1385
53,23.757,4,car,0.8224,498,226,565,272,531,249,531,272,44.655399,10.934669,2332,1474
53,23.757,22,car,0.778,462,214,509,250,485,232,485,250,44.65537,10.934762,2586,1553
53,23.757,1,car,0.8518,0,463,235,685,117,574,117,685,44.655584,10.934352,1472,973
54,24.176,2,car,0.9192,552,280,669,367,610,323,610,367,44.65548,10.934468,1787,1255
54,24.176,3,car,0.7673,540,246,629,304,584,275,584,304,44.655432,10.934572,2070,1386
54,24.176,4,car,0.8242,498,225,565,273,531,249,531,273,44.655401,10.934665,2323,1470
54,24.176,22,car,0.7771,462,214,511,251,486,232,486,251,44.655372,10.934758,2574,1548
54,24.176,1,car,0.7249,0,460,229,696,114,578,114,696,44.655585,10.934349,1464,970
54,24.176,13,bicycle,0.6968,79,354,134,457,106,405,106,457,44.65555,10.934471,1795,1064
55,24.596,2,car,0.9041,547,275,672,369,609,322,609,369,44.655481,10.934466,1781,1252
55,24.596,3,car,0.6178,543,245,632,304,587,274,587,304,44.655431,10.934571,2068,1387
55,24.596,4,car,0.837,498,224,566,273,532,248,532,273,44.655401,10.934665,2323,1471
55,24.596,22,car,0.82,461,213,512,250,486,231,486,250,44.65537,10.934762,2585,1553
55,24.596,1,car,0.6962,0,468,214,700,107,584,107,700,44.655585,10.934348,1462,969
55,24.596,13,bicycle,0.7812,87,358,141,453,114,405,114,453,44.655549,10.934473,1800,1067
56,25.017,2,car,0.9224,545,278,670,370,607,324,607,370,44.655482,10.934465,1779,1250
56,25.017,3,car,0.7161,545,247,633,304,589,275,589,304,44.655431,10.934571,2067,1387
56,25.017,4,car,0.8312,497,224,565,274,531,249,531,274,44.655402,10.934662,2315,1466
56,25.017,22,car,0.8141,454,213,508,251,481,232,481,251,44.655373,10.934759,2578,1546
56,25.017,1,car,0.7227,0,446,216,707,108,576,108,707,44.655586,10.934346,1456,967
56,25.017,13,bicycle,0.8271,92,357,149,452,120,404,120,452,44.655549,10.934473,1800,1069
57,25.44,2,car,0.9232,542,277,670,372,606,324,606,372,44.655483,10.934463,1773,1246
57,25.44,3,car,0.4084,543,247,636,309,589,278,589,309,44.655437,10.934561,2039,1373
57,25.44,4,car,0.8148,498,225,564,275,531,250,531,275,44.655403,10.934659,2307,1463
57,25.44,22,car,0.8499,446,213,502,252,474,232,474,252,44.655376,10.934758,2574,1538
57,25.44,1,car,0.7794,0,440,207,713,103,576,103,713,44.655587,10.934345,1453,965
57,25.44,13,bicycle,0.8187,98,357,154,448,126,402,126,448,44.655547,10.934475,1807,1073
58,25.888,2,car,0.9305,537,278,669,374,603,326,603,374,44.655485,10.934461,1769,1242
58,25.888,4,car,0.6703,500,228,561,275,530,251,530,275,44.655404,10.93466,2308,1462
58,25.888,22,car,0.8541,441,214,500,253,470,233,470,253,44.655378,10.934755,2566,1531
58,25.888,1,car,0.6728,0,460,186,717,93,588,93,717,44.655588,10.934345,1452,963
58,25.888,13,bicycle,0.7419,102,351,161,443,131,397,131,443,44.655546,10.934479,1817,1077
59,26.335,2,car,0.9306,533,281,667,377,600,329,600,377,44.655487,10.934459,1762,1237
59,26.335,4,car,0.7348,499,228,560,275,529,251,529,275,44.655404,10.93466,2309,1462
59,26.335,22,car,0.8558,432,216,493,254,462,235,462,254,44.655381,10.934754,2563,1523
59,26.335,1,car,0.6036,0,477,164,715,82,596,82,715,44.655588,10.934346,1457,963
59,26.335,13,bicycle,0.783,107,353,165,441,136,397,136,441,44.655545,10.93448,1820,1079
59,26.335,3,car,0.5246,568,249,639,292,603,270,603,292,44.655416,10.934594,2128,1429
60,26.781,2,car,0.9352,529,282,666,380,597,331,597,380,44.655489,10.934456,1755,1232
60,26.781,4,car,0.8535,500,229,558,275,529,252,529,275,44.655404,10.93466,2309,1462
60,26.781,22,car,0.8397,423,217,486,255,454,236,454,255,44.655384,10.934752,2559,1515
60,26.781,1,car,0.6158,0,487,153,726,76,606,76,726,44.655589,10.934344,1450,960
60,26.781,13,bicycle,0.8094,114,355,171,438,142,396,142,438,44.655543,10.934482,1825,1083
60,26.781,3,car,0.7276,569,250,649,297,609,273,609,297,44.655421,10.93458,2092,1415
61,27.205,2,car,0.9377,527,284,665,383,596,333,596,383,44.65549,10.934453,1747,1227
61,27.205,4,car,0.8818,500,229,559,276,529,252,529,276,44.655405,10.934657,2301,1458
61,27.205,22,car,0.8637,415,217,480,255,447,236,447,255,44.655386,10.934755,2566,1511
61,27.205,13,bicycle,0.8485,115,352,177,441,146,396,146,441,44.655544,10.934478,1815,1081
61,27.205,3,car,0.8113,572,250,654,296,613,273,613,296,44.65542,10.934581,2095,1419
62,27.624,2,car,0.9333,523,284,666,385,594,334,594,385,44.655491,10.934451,1742,1224
62,27.624,4,car,0.8884,503,229,560,276,531,252,531,276,44.655405,10.934656,2299,1459
62,27.624,22,car,0.8619,407,218,475,256,441,237,441,256,44.655388,10.934753,2560,1504
62,27.624,13,bicycle,0.7441,120,349,183,439,151,394,151,439,44.655543,10.934479,1818,1083
62,27.624,3,car,0.7636,570,250,664,303,617,276,617,303,44.655427,10.934565,2051,1399
62,27.624,26,car,0.3662,0,497,74,754,37,625,37,754,44.655592,10.93434,1439,951
63,28.046,2,car,0.9361,518,286,663,387,590,336,590,387,44.655493,10.93445,1739,1220
63,28.046,4,car,0.8816,503,229,561,276,532,252,532,276,44.655405,10.934656,2298,1459
63,28.046,22,car,0.8769,398,218,469,257,433,237,433,257,44.655391,10.934751,2557,1496
63,28.046,13,bicycle,0.7274,126,352,187,438,156,395,156,438,44.655543,10.934479,1818,1085
63,28.046,3,car,0.864,570,251,670,307,620,279,620,307,44.655431,10.934556,2027,1389
64,28.465,2,car,0.9312,512,288,658,389,585,338,585,389,44.655494,10.934449,1736,1216
64,28.465,4,car,0.8743,504,228,562,276,533,252,533,276,44.655405,10.934656,2298,1460
64,28.465,22,car,0.8982,389,218,464,258,426,238,426,258,44.655394,10.93475,2553,1489
64,28.465,13,bicycle,0.7754,129,350,191,435,160,392,160,435,44.655542,10.934482,1824,1088
64,28.465,3,car,0.8729,568,251,676,313,622,282,622,313,44.655437,10.934544,1994,1373
65,28.895,2,car,0.9302,506,290,655,392,580,341,580,392,44.655496,10.934447,1731,1211
65,28.895,4,car,0.8723,505,228,563,277,534,252,534,277,44.655406,10.934653,2289,1456
65,28.895,22,car,0.8989,382,219,459,259,420,239,420,259,44.655396,10.934748,2548,1482
65,28.895,13,bicycle,0.7849,134,350,196,435,165,392,165,435,44.655541,10.934481,1822,1089
65,28.895,3,car,0.8897,567,253,678,316,622,284,622,316,44.65544,10.934539,1980,1365
66,29.313,2,car,0.9326,501,292,653,396,577,344,577,396,44.655498,10.934444,1722,1205
66,29.313,4,car,0.8736,506,227,564,277,535,252,535,277,44.655406,10.934652,2288,1457
66,29.313,22,car,0.8838,376,220,455,260,415,240,415,260,44.655399,10.934746,2542,1476
66,29.313,13,bicycle,0.59,138,347,202,435,170,391,170,435,44.655541,10.93448,1820,1090
66,29.313,3,car,0.8913,568,253,679,317,623,285,623,317,44.655441,10.934537,1974,1362
67,29.734,2,car,0.9266,495,294,650,399,572,346,572,399,44.6555,10.934442,1717,1200
67,29.734,4,car,0.8692,506,227,565,277,535,252,535,277,44.655406,10.934652,2288,1457
67,29.734,22,car,0.9031,368,220,449,261,408,240,408,261,44.655401,10.934744,2538,1469
67,29.734,13,bicycle,0.6829,140,343,206,433,173,388,173,433,44.65554,10.934481,1823,1092
67,29.734,3,car,0.8951,569,254,681,318,625,286,625,318,44.655441,10.934535,1968,1360
67,29.734,30,bicycle,0.5,1224,162,1244,190,1234,176,1234,190,44.654852,10.934745,2539,2962
